id,first_name,last_name,email,gender,age
1,Hollie,Nesbeth,hnesbeth0@sciencedaily.com,Female,8
2,Frasco,Petrozzi,fpetrozzi1@mapy.cz,Agender,23
3,Polly,Axell,paxell2@imgur.com,Genderfluid,5
4,Charlotte,Folcarelli,cfolcarelli3@goo.ne.jp,Female,54
5,Seward,Fruish,sfruish4@wikia.com,Male,20
6,Brant,Killingbeck,bkillingbeck5@yolasite.com,Agender,3
7,Dniren,Rawcliffe,drawcliffe6@g.co,Female,45
8,Luke,De Caville,ldecaville7@shinystat.com,Male,23
9,Sibley,Drejer,sdrejer8@symantec.com,Female,11
10,Barnabe,Howling,bhowling9@vk.com,Genderfluid,28
11,Isa,Colenutt,icolenutta@parallels.com,Non-binary,55
12,Douglas,Philpot,dphilpotb@amazon.de,Genderfluid,43
13,Granger,Curtois,gcurtoisc@goodreads.com,Male,20
14,Mario,Conigsby,mconigsbyd@cnet.com,Male,27
15,Vickie,Healing,vhealinge@wired.com,Female,62
16,Tailor,Koubek,tkoubekf@slate.com,Male,6
17,Gilligan,McGrill,gmcgrillg@hao123.com,Non-binary,30
18,Ursulina,Spitaro,uspitaroh@tinypic.com,Female,77
19,Claire,Wardhaugh,cwardhaughi@about.me,Female,81
20,Christalle,Osipov,cosipovj@istockphoto.com,Polygender,51
21,Jermaine,Semble,jsemblek@uiuc.edu,Bigender,61
22,Barbe,Regus,bregusl@xrea.com,Female,47
23,Stewart,Bazek,sbazekm@rediff.com,Male,87
24,Nert,Sjollema,nsjolleman@skyrock.com,Genderfluid,22
25,Noelle,Drowsfield,ndrowsfieldo@army.mil,Female,76
26,Leyla,Britee,lbriteep@yahoo.co.jp,Female,23
27,Colleen,Jauncey,cjaunceyq@amazon.co.jp,Female,24
28,Forster,Pountain,fpountainr@sciencedaily.com,Male,68
29,Sancho,Parsonson,sparsonsons@unicef.org,Male,88
30,Clo,Huggard,chuggardt@phpbb.com,Female,44
31,Anthea,Tripet,atripetu@cocolog-nifty.com,Female,1
32,Bethena,Jillett,bjillettv@about.com,Female,66
33,Revkah,Connerry,rconnerryw@state.gov,Female,18
34,Adler,Scoggan,ascogganx@tuttocitta.it,Male,22
35,Burnaby,Balassi,bbalassiy@webnode.com,Male,10
36,Sharron,Aleveque,salevequez@eventbrite.com,Female,27
37,Hamlen,Isenor,hisenor10@vk.com,Male,14
38,Keenan,Longland,klongland11@unicef.org,Male,56
39,Gerard,Scardafield,gscardafield12@un.org,Genderfluid,73
40,Demetri,Hagston,dhagston13@dailymotion.com,Male,89
41,Justinian,Warrillow,jwarrillow14@unblog.fr,Male,5
42,Jerrome,Newband,jnewband15@google.com.au,Male,14
43,Beverlee,Duncklee,bduncklee16@illinois.edu,Female,46
44,Benny,Edelheid,bedelheid17@patch.com,Female,58
45,Elroy,Sinnat,esinnat18@deliciousdays.com,Male,50
46,Britta,Jirka,bjirka19@github.io,Female,51
47,Sibyl,Voice,svoice1a@sakura.ne.jp,Male,10
48,Brianne,Calkin,bcalkin1b@google.co.jp,Female,71
49,Caroljean,Crone,ccrone1c@buzzfeed.com,Female,52
50,Heywood,Websdale,hwebsdale1d@t.co,Male,17
51,Ricca,Langstone,rlangstone1e@dagondesign.com,Female,28
52,Zelig,Daubney,zdaubney1f@globo.com,Male,22
53,Ajay,Pinchback,apinchback1g@google.it,Female,25
54,Fleming,Carriage,fcarriage1h@sphinn.com,Male,61
55,Francis,Zanetto,fzanetto1i@samsung.com,Male,1
56,Giffard,Stonhewer,gstonhewer1j@indiegogo.com,Male,68
57,Cecil,McGuffog,cmcguffog1k@slideshare.net,Female,69
58,Gilbert,Horsell,ghorsell1l@free.fr,Male,83
59,Thatch,Cleare,tcleare1m@myspace.com,Male,72
60,Cecelia,Lumber,clumber1n@surveymonkey.com,Female,75
61,Astra,Bindley,abindley1o@apple.com,Female,64
62,Glori,Pietri,gpietri1p@ebay.com,Genderfluid,47
63,Katina,Halpen,khalpen1q@github.io,Non-binary,78
64,Alain,Paraman,aparaman1r@instagram.com,Male,77
65,Thomasa,Noirel,tnoirel1s@acquirethisname.com,Female,49
66,Delilah,Poel,dpoel1t@businessinsider.com,Female,36
67,Lacie,Parkes,lparkes1u@unicef.org,Female,56
68,Roi,Casiero,rcasiero1v@baidu.com,Male,50
69,Moses,Goadsby,mgoadsby1w@ed.gov,Male,90
70,Vi,Hubbins,vhubbins1x@patch.com,Female,58
71,Rikki,Canet,rcanet1y@issuu.com,Female,55
72,Patty,Delouch,pdelouch1z@imageshack.us,Male,64
73,Wallie,Sturman,wsturman20@loc.gov,Female,86
74,Bald,Kilty,bkilty21@marriott.com,Polygender,71
75,Evyn,Geillier,egeillier22@hhs.gov,Male,51
76,Aura,Frude,afrude23@amazon.de,Female,14
77,Cassie,Cabel,ccabel24@sina.com.cn,Female,74
78,Carey,Beavers,cbeavers25@japanpost.jp,Male,62
79,Karie,Hazeley,khazeley26@mac.com,Female,42
80,Fairfax,Ashmole,fashmole27@t-online.de,Male,87
81,Natasha,Inkpen,ninkpen28@ucoz.com,Female,49
82,Rupert,Roome,rroome29@google.co.uk,Male,43
83,Ingrid,Deverale,ideverale2a@nifty.com,Polygender,38
84,Barry,Austwick,baustwick2b@unblog.fr,Male,38
85,Brion,Borsnall,bborsnall2c@mayoclinic.com,Male,55
86,Matthus,Phelips,mphelips2d@google.de,Male,24
87,Andriana,de Zamora,adezamora2e@list-manage.com,Female,23
88,Chanda,Alejandri,calejandri2f@t.co,Female,26
89,Marga,Archibald,marchibald2g@japanpost.jp,Female,76
90,Marinna,Nudds,mnudds2h@abc.net.au,Agender,85
91,Annabel,Thurston,athurston2i@mysql.com,Female,2
92,Linnea,Arber,larber2j@omniture.com,Female,71
93,Olivier,Cubin,ocubin2k@umn.edu,Male,7
94,Miles,Boss,mboss2l@google.nl,Male,42
95,Sharleen,Quinnell,squinnell2m@symantec.com,Female,39
96,Mariana,Dimnage,mdimnage2n@google.com.au,Female,26
97,Horten,Tideswell,htideswell2o@barnesandnoble.com,Male,47
98,Raddy,Whipp,rwhipp2p@linkedin.com,Genderqueer,60
99,Farrell,Boller,fboller2q@jiathis.com,Male,9
100,Waiter,Wavish,wwavish2r@twitpic.com,Male,59
101,Jobyna,Pietrusiak,jpietrusiak2s@g.co,Female,52
102,Kenna,Wiffield,kwiffield2t@prnewswire.com,Female,15
103,Herb,Garrelts,hgarrelts2u@livejournal.com,Male,44
104,Nevin,Ballam,nballam2v@wikispaces.com,Male,35
105,Trenton,Camell,tcamell2w@hud.gov,Male,67
106,Huberto,Pitcher,hpitcher2x@google.es,Male,8
107,Augusto,Vivyan,avivyan2y@telegraph.co.uk,Male,77
108,Chicky,Ranklin,cranklin2z@spotify.com,Female,19
109,Augustine,Lutas,alutas30@nbcnews.com,Male,1
110,Brandais,Schoolcroft,bschoolcroft31@ca.gov,Female,65
111,Skylar,Paddick,spaddick32@blogs.com,Male,80
112,Kory,Bounde,kbounde33@earthlink.net,Male,84
113,Ev,Balharry,ebalharry34@webeden.co.uk,Male,30
114,Travis,Valiant,tvaliant35@blogger.com,Male,9
115,Mateo,McCorley,mmccorley36@imageshack.us,Male,51
116,Gabriel,Kave,gkave37@geocities.jp,Male,38
117,Clarke,Sheryn,csheryn38@php.net,Male,48
118,Dominique,Crockford,dcrockford39@hatena.ne.jp,Female,58
119,Anabel,Earles,aearles3a@ovh.net,Female,7
120,Eugen,Brightling,ebrightling3b@webmd.com,Bigender,88
121,Beverlie,Coady,bcoady3c@theguardian.com,Female,89
122,Barnie,Litchfield,blitchfield3d@pbs.org,Male,86
123,Creight,Cochran,ccochran3e@mediafire.com,Male,72
124,Petra,Farnorth,pfarnorth3f@apache.org,Female,68
125,Drusie,Tharme,dtharme3g@weibo.com,Female,22
126,Katie,Fulun,kfulun3h@nasa.gov,Female,79
127,Annis,Aberdeen,aaberdeen3i@goodreads.com,Female,66
128,Coreen,Felton,cfelton3j@java.com,Female,54
129,Ralf,Landsborough,rlandsborough3k@cafepress.com,Male,15
130,Prince,Lathwell,plathwell3l@sbwire.com,Male,27
131,Olva,Normavell,onormavell3m@taobao.com,Female,34
132,Quintana,Light,qlight3n@ucoz.com,Polygender,47
133,Brand,Rubinfeld,brubinfeld3o@baidu.com,Male,8
134,Agretha,Geldart,ageldart3p@npr.org,Female,63
135,Chiarra,Retchless,cretchless3q@uol.com.br,Female,87
136,Thatcher,Donet,tdonet3r@oaic.gov.au,Male,54
137,Walker,Meriguet,wmeriguet3s@discovery.com,Male,75
138,Vladamir,Darke,vdarke3t@bbc.co.uk,Male,82
139,Tracee,Alvarado,talvarado3u@princeton.edu,Female,87
140,Marianna,Binch,mbinch3v@gravatar.com,Female,76
141,Hillary,Hullins,hhullins3w@bandcamp.com,Female,81
142,Billie,Purches,bpurches3x@g.co,Male,36
143,Port,Manueau,pmanueau3y@technorati.com,Male,63
144,Hilly,Stocky,hstocky3z@opera.com,Genderqueer,4
145,Tobin,Jonk,tjonk40@economist.com,Male,57
146,Tabatha,Kraft,tkraft41@reference.com,Female,48
147,Obediah,Verdie,overdie42@washington.edu,Male,73
148,Boigie,Bransdon,bbransdon43@bigcartel.com,Male,25
149,Lucretia,Lamdin,llamdin44@utexas.edu,Agender,55
150,Magdaia,Erricker,merricker45@weebly.com,Female,7
151,Jermain,Calfe,jcalfe46@deviantart.com,Male,77
152,Glori,Burnall,gburnall47@howstuffworks.com,Female,52
153,Hedwiga,Danter,hdanter48@godaddy.com,Female,87
154,Hayyim,Besset,hbesset49@sfgate.com,Male,82
155,Fletch,Longford,flongford4a@canalblog.com,Male,34
156,Julita,Honacker,jhonacker4b@skype.com,Female,82
157,Avram,Antonognoli,aantonognoli4c@oaic.gov.au,Non-binary,43
158,Cynthea,Randall,crandall4d@is.gd,Female,86
159,Maddie,Isgar,misgar4e@bloglovin.com,Female,86
160,Pennie,Lawn,plawn4f@symantec.com,Female,67
161,Sawyer,Jahan,sjahan4g@census.gov,Male,75
162,Ardenia,Boodell,aboodell4h@parallels.com,Female,22
163,Rand,Kennifeck,rkennifeck4i@eventbrite.com,Male,89
164,Portia,Skyram,pskyram4j@home.pl,Female,87
165,Yancy,Rappaport,yrappaport4k@webeden.co.uk,Male,63
166,Ardelle,Halfacre,ahalfacre4l@123-reg.co.uk,Female,89
167,Janean,Hazley,jhazley4m@phoca.cz,Female,43
168,Alverta,Kunzler,akunzler4n@vk.com,Female,73
169,Michaella,Luce,mluce4o@buzzfeed.com,Female,31
170,Bernardina,Rollitt,brollitt4p@moonfruit.com,Female,38
171,Isaac,Dalli,idalli4q@youtube.com,Male,17
172,Madlin,Sellen,msellen4r@1688.com,Female,12
173,Liz,Antrack,lantrack4s@ca.gov,Female,46
174,Trstram,Rosengart,trosengart4t@imageshack.us,Male,62
175,Laure,Petrasek,lpetrasek4u@eepurl.com,Female,71
176,Midge,Fortescue,mfortescue4v@va.gov,Female,18
177,Selinda,Cristoferi,scristoferi4w@imageshack.us,Female,39
178,Camel,Duddy,cduddy4x@mlb.com,Female,58
179,Si,Spencley,sspencley4y@mozilla.com,Male,10
180,Vinson,Churchlow,vchurchlow4z@fc2.com,Male,65
181,Jeffrey,Allkins,jallkins50@oracle.com,Bigender,43
182,Antonia,Omar,aomar51@jugem.jp,Female,51
183,Shayne,Lannin,slannin52@plala.or.jp,Male,38
184,Courtney,Navarijo,cnavarijo53@bbb.org,Male,50
185,Analise,Roscoe,aroscoe54@shutterfly.com,Female,51
186,Sander,Larmor,slarmor55@ehow.com,Male,77
187,Miguela,De Lorenzo,mdelorenzo56@amazon.de,Female,14
188,Liam,Acaster,lacaster57@wix.com,Male,56
189,Benjamen,Bernollet,bbernollet58@vinaora.com,Male,76
190,Lukas,Frankes,lfrankes59@de.vu,Male,77
191,Tonnie,Beeken,tbeeken5a@domainmarket.com,Male,67
192,Bartie,Eslinger,beslinger5b@mozilla.org,Male,60
193,Jammie,Gorriessen,jgorriessen5c@theatlantic.com,Female,47
194,Leona,Kiendl,lkiendl5d@paginegialle.it,Female,57
195,Aubrey,Volonte,avolonte5e@xing.com,Male,80
196,Ambros,Pandie,apandie5f@bigcartel.com,Male,88
197,May,Haverson,mhaverson5g@illinois.edu,Female,34
198,Isabella,Worthing,iworthing5h@msn.com,Polygender,24
199,Jeromy,Pattenden,jpattenden5i@elegantthemes.com,Male,70
200,Obed,Lange,olange5j@plala.or.jp,Male,90
201,Henry,Archanbault,harchanbault5k@etsy.com,Male,90
202,Angelique,Paddy,apaddy5l@slideshare.net,Female,6
203,Fallon,January,fjanuary5m@japanpost.jp,Female,15
204,Janaya,Hallatt,jhallatt5n@ibm.com,Female,23
205,Cathrin,Moubray,cmoubray5o@sakura.ne.jp,Female,7
206,Devina,Dermott,ddermott5p@freewebs.com,Female,18
207,Daren,Lucian,dlucian5q@jigsy.com,Male,19
208,Dickie,Shasnan,dshasnan5r@edublogs.org,Male,90
209,Bogart,Charge,bcharge5s@so-net.ne.jp,Male,23
210,Tiff,Castelletto,tcastelletto5t@cornell.edu,Female,78
211,Andrej,Tithacott,atithacott5u@webs.com,Polygender,89
212,Daisi,Chritchlow,dchritchlow5v@guardian.co.uk,Female,21
213,Elbert,Durward,edurward5w@timesonline.co.uk,Male,27
214,Emma,Surguine,esurguine5x@paginegialle.it,Female,54
215,Krissy,Louch,klouch5y@pinterest.com,Female,84
216,Kessia,Ibbeson,kibbeson5z@yahoo.co.jp,Female,45
217,Lavinia,Elham,lelham60@go.com,Female,48
218,Murray,Doorbar,mdoorbar61@geocities.com,Male,10
219,Abner,De Michele,ademichele62@usda.gov,Male,8
220,Lily,Giorgielli,lgiorgielli63@netscape.com,Female,9
221,Carri,Machon,cmachon64@blogger.com,Female,72
222,Titos,O'Kuddyhy,tokuddyhy65@mozilla.com,Genderqueer,86
223,Griz,Radwell,gradwell66@sina.com.cn,Male,89
224,Kassey,Maddox,kmaddox67@state.tx.us,Female,8
225,Danita,Glencrash,dglencrash68@tinypic.com,Female,61
226,Kelley,Abbett,kabbett69@cam.ac.uk,Female,17
227,Mari,Malecky,mmalecky6a@oakley.com,Female,15
228,Merv,Palatino,mpalatino6b@slashdot.org,Polygender,7
229,Brade,Stirton,bstirton6c@360.cn,Male,28
230,Zedekiah,Brakespear,zbrakespear6d@yahoo.co.jp,Male,54
231,Land,Copplestone,lcopplestone6e@multiply.com,Male,4
232,Arman,Kermon,akermon6f@sphinn.com,Male,2
233,Augie,Anders,aanders6g@auda.org.au,Male,62
234,Nessi,Rakestraw,nrakestraw6h@harvard.edu,Female,58
235,Gabriello,Geere,ggeere6i@ow.ly,Male,42
236,Brod,Bidgood,bbidgood6j@marketwatch.com,Male,54
237,Albert,Gleed,agleed6k@unblog.fr,Male,10
238,Marty,Fetteplace,mfetteplace6l@oakley.com,Female,17
239,Kippar,Gallant,kgallant6m@utexas.edu,Male,23
240,Clive,Truitt,ctruitt6n@slashdot.org,Polygender,9
241,Sarene,Chisnall,schisnall6o@bravesites.com,Genderqueer,78
242,Kalila,Pheasey,kpheasey6p@bluehost.com,Female,47
243,Townsend,Eayrs,teayrs6q@alexa.com,Male,26
244,Wadsworth,Hathaway,whathaway6r@ow.ly,Male,35
245,Barn,Bacher,bbacher6s@huffingtonpost.com,Male,3
246,Onfre,Winkle,owinkle6t@shop-pro.jp,Male,53
247,Claudine,Haughian,chaughian6u@usa.gov,Female,31
248,Fulton,Pothecary,fpothecary6v@diigo.com,Male,36
249,Paquito,Paget,ppaget6w@nhs.uk,Male,16
250,Simone,MacLleese,smaclleese6x@cpanel.net,Female,38
251,Raff,Kimblin,rkimblin6y@nba.com,Male,35
252,Kania,Tourle,ktourle6z@domainmarket.com,Female,88
253,Geralda,Debell,gdebell70@hatena.ne.jp,Female,11
254,Bethena,Chatres,bchatres71@tiny.cc,Female,62
255,Carroll,Drugan,cdrugan72@theatlantic.com,Female,33
256,Berti,Collman,bcollman73@instagram.com,Male,2
257,Elvin,Crookston,ecrookston74@sun.com,Male,8
258,Anatol,Roebottom,aroebottom75@ucla.edu,Male,60
259,Bronny,Coddrington,bcoddrington76@telegraph.co.uk,Agender,85
260,Curry,Trahar,ctrahar77@prlog.org,Male,33
261,Julius,Longrigg,jlongrigg78@e-recht24.de,Male,31
262,Aron,Parry,aparry79@altervista.org,Male,48
263,Juan,Bullent,jbullent7a@oaic.gov.au,Male,50
264,Dorolisa,Goodacre,dgoodacre7b@fastcompany.com,Female,90
265,Mareah,Comerford,mcomerford7c@reuters.com,Female,19
266,Madalyn,Southerton,msoutherton7d@umich.edu,Female,30
267,Gracie,Goch,ggoch7e@miibeian.gov.cn,Female,48
268,Katrinka,Nannetti,knannetti7f@infoseek.co.jp,Non-binary,8
269,Henka,Woodrooffe,hwoodrooffe7g@unc.edu,Agender,84
270,Thaddus,Thompstone,tthompstone7h@arizona.edu,Male,18
271,Thayne,Boland,tboland7i@loc.gov,Male,7
272,Goldi,Northill,gnorthill7j@senate.gov,Female,81
273,Conrad,Conneau,cconneau7k@posterous.com,Polygender,30
274,Rabi,Michal,rmichal7l@theatlantic.com,Male,72
275,Bernadine,Maty,bmaty7m@va.gov,Female,60
276,Esra,Meekings,emeekings7n@biblegateway.com,Male,62
277,Isa,Repper,irepper7o@foxnews.com,Female,67
278,Robinson,Wallworke,rwallworke7p@soundcloud.com,Male,28
279,Tatum,Torritti,ttorritti7q@intel.com,Female,48
280,Kathrine,Cleere,kcleere7r@squarespace.com,Genderfluid,38
281,Edi,Gladdis,egladdis7s@wisc.edu,Female,80
282,Hakim,Nansom,hnansom7t@bluehost.com,Polygender,81
283,Nicole,Dunnion,ndunnion7u@cornell.edu,Genderqueer,7
284,Ora,Petyakov,opetyakov7v@twitpic.com,Female,39
285,Ursala,Dearing,udearing7w@yolasite.com,Female,63
286,Hilton,Gallardo,hgallardo7x@artisteer.com,Male,50
287,Kordula,Soff,ksoff7y@miitbeian.gov.cn,Female,22
288,Marya,Tice,mtice7z@qq.com,Female,28
289,Vernon,Fittes,vfittes80@skyrock.com,Male,63
290,Lynette,Arrington,larrington81@goo.ne.jp,Female,79
291,Joane,Boothebie,jboothebie82@mtv.com,Female,47
292,Josi,Raspin,jraspin83@sohu.com,Female,71
293,Fraser,Gavey,fgavey84@plala.or.jp,Male,76
294,Chevy,Widdowson,cwiddowson85@pbs.org,Male,82
295,Adair,Antley,aantley86@gizmodo.com,Male,3
296,Kendra,Bosse,kbosse87@earthlink.net,Female,6
297,Jerry,Testin,jtestin88@sciencedaily.com,Non-binary,70
298,Terrijo,Scrowby,tscrowby89@webnode.com,Female,52
299,Ring,Seman,rseman8a@abc.net.au,Male,50
300,Britt,Stonham,bstonham8b@tumblr.com,Male,37
301,Charlene,Jouanet,cjouanet8c@twitpic.com,Female,71
302,Farrand,Howard,fhoward8d@youku.com,Female,60
303,Felecia,Boice,fboice8e@toplist.cz,Female,3
304,Holly,Pavlata,hpavlata8f@multiply.com,Female,54
305,Dorry,Calley,dcalley8g@google.fr,Genderfluid,10
306,Fannie,Deport,fdeport8h@google.co.jp,Female,23
307,Brigg,Dikels,bdikels8i@liveinternet.ru,Male,30
308,Gennifer,Budden,gbudden8j@ucsd.edu,Female,37
309,Kevina,Critchard,kcritchard8k@pbs.org,Female,41
310,Delaney,Cheke,dcheke8l@cloudflare.com,Male,7
311,Ofella,Sutch,osutch8m@ebay.com,Female,63
312,Findley,Ajsik,fajsik8n@bloglines.com,Male,41
313,Julee,Dunstone,jdunstone8o@guardian.co.uk,Female,57
314,Nobie,Gatch,ngatch8p@ca.gov,Male,59
315,Harlan,Shirlaw,hshirlaw8q@dyndns.org,Male,5
316,Brande,Winfindale,bwinfindale8r@icio.us,Female,68
317,Damiano,Putman,dputman8s@ovh.net,Male,55
318,Thurstan,Cruise,tcruise8t@imageshack.us,Male,89
319,Albertina,Dawson,adawson8u@prlog.org,Female,29
320,Romain,Widmore,rwidmore8v@deliciousdays.com,Male,63
321,Selina,Honack,shonack8w@vinaora.com,Female,78
322,Padriac,Aucock,paucock8x@wunderground.com,Male,60
323,Jeane,Jenny,jjenny8y@squidoo.com,Female,56
324,Pearl,Culpin,pculpin8z@samsung.com,Polygender,87
325,Giulietta,Eastlake,geastlake90@about.com,Female,22
326,Win,Heino,wheino91@dion.ne.jp,Male,52
327,Rich,Spellard,rspellard92@w3.org,Male,36
328,Reamonn,Kesterton,rkesterton93@foxnews.com,Male,66
329,Ronnie,Edgeson,redgeson94@upenn.edu,Female,62
330,Desi,Krolik,dkrolik95@goo.gl,Male,56
331,Jocelyne,Middlemass,jmiddlemass96@jimdo.com,Female,67
332,Hill,Petticrew,hpetticrew97@yandex.ru,Male,6
333,Cecil,Jaynes,cjaynes98@va.gov,Male,7
334,My,Moffet,mmoffet99@phoca.cz,Male,70
335,Hastings,Auckland,hauckland9a@forbes.com,Male,61
336,Ferdinand,De Brett,fdebrett9b@github.com,Male,48
337,Tandi,Durbin,tdurbin9c@un.org,Female,89
338,Eddy,Degoe,edegoe9d@amazon.de,Male,26
339,Mitchell,Addey,maddey9e@ovh.net,Male,8
340,Jenine,Olrenshaw,jolrenshaw9f@cargocollective.com,Female,90
341,Bobby,Dunsford,bdunsford9g@state.gov,Polygender,61
342,Felicio,Goodley,fgoodley9h@histats.com,Male,32
343,Margaretta,Clausson,mclausson9i@soundcloud.com,Female,55
344,Hinda,Habbes,hhabbes9j@oakley.com,Female,18
345,Ebonee,Gretton,egretton9k@gmpg.org,Genderfluid,6
346,Rayshell,Dunstan,rdunstan9l@sogou.com,Female,80
347,Hillel,O'Breen,hobreen9m@dot.gov,Male,45
348,Meridel,Cullinane,mcullinane9n@nyu.edu,Female,2
349,Daniela,Britch,dbritch9o@networkadvertising.org,Female,70
350,Sammie,Bannon,sbannon9p@amazon.co.jp,Male,90
351,Cob,Drowsfield,cdrowsfield9q@usgs.gov,Male,30
352,Jasmina,Volant,jvolant9r@4shared.com,Female,66
353,Karlotta,Boshere,kboshere9s@seesaa.net,Genderfluid,30
354,Roberta,Vlasyuk,rvlasyuk9t@chron.com,Female,12
355,Sig,Antonikov,santonikov9u@shutterfly.com,Genderqueer,56
356,Anica,Dreghorn,adreghorn9v@mozilla.org,Female,10
357,Adair,Allwood,aallwood9w@walmart.com,Male,57
358,Myrtle,Cowerd,mcowerd9x@imageshack.us,Female,88
359,Madge,Mainz,mmainz9y@usgs.gov,Female,65
360,Townsend,Perdue,tperdue9z@mozilla.com,Male,70
361,Karlen,Tripp,ktrippa0@homestead.com,Female,52
362,Bord,Sparey,bspareya1@cam.ac.uk,Male,54
363,Jasper,Parsonson,jparsonsona2@live.com,Male,50
364,Inglis,Chevis,ichevisa3@i2i.jp,Agender,59
365,Giralda,Vedenichev,gvedenicheva4@dmoz.org,Female,79
366,Cary,Konke,ckonkea5@php.net,Female,84
367,Lothario,Crankshaw,lcrankshawa6@cisco.com,Male,54
368,Yasmeen,Dorward,ydorwarda7@flickr.com,Female,85
369,Cathleen,Seegar,cseegara8@businessweek.com,Female,35
370,Vito,Don,vdona9@wordpress.org,Male,62
371,Judd,Paylie,jpaylieaa@mail.ru,Male,78
372,Wade,Beldan,wbeldanab@comcast.net,Agender,1
373,Laryssa,Ellershaw,lellershawac@artisteer.com,Female,5
374,Zorah,Sirmon,zsirmonad@booking.com,Female,18
375,Adrea,Todd,atoddae@ning.com,Female,59
376,Rich,Wilsee,rwilseeaf@slashdot.org,Male,59
377,Kassia,Tenby,ktenbyag@google.it,Agender,10
378,Lou,Hollidge,lhollidgeah@aboutads.info,Female,87
379,Gregg,Farlowe,gfarloweai@mlb.com,Male,13
380,Rosaline,Wyllt,rwylltaj@comcast.net,Female,67
381,Kale,Carlson,kcarlsonak@istockphoto.com,Male,64
382,Glenine,Aggs,gaggsal@hhs.gov,Female,73
383,Rani,Gerrie,rgerrieam@mysql.com,Female,69
384,Shermie,Hicklingbottom,shicklingbottoman@imdb.com,Genderqueer,27
385,Darrel,Doust,ddoustao@mashable.com,Male,71
386,Wallache,Lever,wleverap@pbs.org,Male,38
387,Kassia,Gatherell,kgatherellaq@odnoklassniki.ru,Female,41
388,Mychal,Chopping,mchoppingar@jugem.jp,Male,43
389,Sibylla,Mc Caghan,smccaghanas@yandex.ru,Female,58
390,Leupold,Ingry,lingryat@tamu.edu,Male,49
391,Ashely,Hoggan,ahogganau@live.com,Female,85
392,Marie,Cuttings,mcuttingsav@pen.io,Female,86
393,Ancell,Francklin,afrancklinaw@storify.com,Male,23
394,Lari,Skaif,lskaifax@storify.com,Female,81
395,Suzanne,Buttriss,sbuttrissay@prlog.org,Agender,64
396,Stephenie,Bostick,sbostickaz@weebly.com,Female,76
397,Hilda,Bride,hbrideb0@prlog.org,Female,1
398,Zonda,Greenset,zgreensetb1@nba.com,Female,44
399,Lydie,Sowrah,lsowrahb2@mapy.cz,Female,77
400,Ursulina,Matthiesen,umatthiesenb3@shop-pro.jp,Female,78
401,Dominik,Hue,dhueb4@comcast.net,Male,58
402,Izak,Rechert,irechertb5@tinypic.com,Male,64
403,Hyacintha,Majury,hmajuryb6@ycombinator.com,Female,50
404,Colver,D'Costa,cdcostab7@wp.com,Male,52
405,Ravi,Peever,rpeeverb8@ocn.ne.jp,Male,81
406,Kaine,Klainman,kklainmanb9@360.cn,Male,32
407,Reine,Reeson,rreesonba@loc.gov,Female,66
408,Rosco,Sach,rsachbb@aboutads.info,Male,60
409,Lyle,Rawnsley,lrawnsleybc@gnu.org,Male,45
410,Vicky,Pezey,vpezeybd@eventbrite.com,Female,37
411,Terrell,Bedin,tbedinbe@answers.com,Male,88
412,Paule,Rudderham,prudderhambf@elpais.com,Bigender,8
413,Gustavus,Reaper,greaperbg@thetimes.co.uk,Male,90
414,Hermy,Brown,hbrownbh@thetimes.co.uk,Male,35
415,Perry,Griswood,pgriswoodbi@twitpic.com,Female,88
416,Pepito,Cole,pcolebj@alexa.com,Male,72
417,Tori,Pudney,tpudneybk@marketwatch.com,Female,41
418,Thalia,Cowderay,tcowderaybl@altervista.org,Female,89
419,Ester,Rutgers,erutgersbm@chron.com,Female,30
420,Tucker,Tomasutti,ttomasuttibn@etsy.com,Male,65
421,Andrea,Lorenzini,alorenzinibo@ucoz.ru,Male,54
422,Lynette,Bartaletti,lbartalettibp@jugem.jp,Female,72
423,Dallon,Antoniak,dantoniakbq@ca.gov,Polygender,45
424,Jenica,Frowd,jfrowdbr@cbslocal.com,Female,72
425,Tera,Getch,tgetchbs@dagondesign.com,Female,75
426,Luis,Palphreyman,lpalphreymanbt@youku.com,Male,20
427,Hillary,Stammers,hstammersbu@japanpost.jp,Male,20
428,Wait,Hastwall,whastwallbv@oaic.gov.au,Male,20
429,Romy,Moulding,rmouldingbw@ibm.com,Genderqueer,53
430,Xaviera,Pigford,xpigfordbx@ox.ac.uk,Female,78
431,Carlee,Maine,cmaineby@google.ru,Female,67
432,Hertha,Tyght,htyghtbz@yolasite.com,Female,42
433,Lorne,Wickliffe,lwickliffec0@cpanel.net,Female,69
434,Pavel,Faulconbridge,pfaulconbridgec1@topsy.com,Male,12
435,Liliane,Hehir,lhehirc2@virginia.edu,Agender,78
436,Daven,Battey,dbatteyc3@ibm.com,Male,17
437,Tades,Bruff,tbruffc4@qq.com,Male,48
438,Cullan,Doull,cdoullc5@ezinearticles.com,Male,44
439,Mike,Edlestone,medlestonec6@instagram.com,Male,46
440,Boyd,Love,blovec7@bloomberg.com,Male,60
441,Esdras,Rudall,erudallc8@noaa.gov,Male,1
442,Domingo,Winterton,dwintertonc9@slideshare.net,Male,31
443,Lilith,Surby,lsurbyca@scientificamerican.com,Genderqueer,28
444,Austin,Maxworthy,amaxworthycb@google.de,Female,68
445,Cristian,Wainwright,cwainwrightcc@wikipedia.org,Male,7
446,Tracie,Bambrick,tbambrickcd@forbes.com,Female,42
447,Reinwald,Gauson,rgausonce@webs.com,Male,43
448,Gardie,Gurrado,ggurradocf@toplist.cz,Bigender,46
449,Hart,Capron,hcaproncg@booking.com,Male,26
450,Bibi,Adami,badamich@homestead.com,Agender,85
451,Gizela,Gillfillan,ggillfillanci@fastcompany.com,Female,84
452,Alexander,Roistone,aroistonecj@ameblo.jp,Male,71
453,Ave,Uttridge,auttridgeck@tuttocitta.it,Male,4
454,Allin,Vaudin,avaudincl@skype.com,Male,7
455,Florence,Cudmore,fcudmorecm@youku.com,Female,34
456,Mirella,Sale,msalecn@netvibes.com,Female,27
457,Alejandrina,Woollett,awoollettco@mashable.com,Female,64
458,Melicent,Venmore,mvenmorecp@techcrunch.com,Female,68
459,Leodora,Tilby,ltilbycq@scientificamerican.com,Female,74
460,Egor,MacInerney,emacinerneycr@360.cn,Male,77
461,Rosmunda,Wegener,rwegenercs@springer.com,Female,90
462,Andris,McElwee,amcelweect@webs.com,Male,73
463,Berkley,Itschakov,bitschakovcu@cloudflare.com,Male,30
464,Sherline,Hissie,shissiecv@ask.com,Female,68
465,Ardenia,Grimwood,agrimwoodcw@businessweek.com,Female,22
466,Joshuah,Hort,jhortcx@friendfeed.com,Male,64
467,Aluin,Canland,acanlandcy@etsy.com,Male,48
468,Dermot,Stanistrete,dstanistretecz@reuters.com,Male,81
469,Camilla,Forrestall,cforrestalld0@vistaprint.com,Female,49
470,Emmaline,Habbergham,ehabberghamd1@usnews.com,Female,69
471,Matilda,Purvess,mpurvessd2@yellowpages.com,Female,25
472,Niles,Franc,nfrancd3@patch.com,Male,6
473,Malvina,Polk,mpolkd4@delicious.com,Female,65
474,Ruben,McAreavey,rmcareaveyd5@vistaprint.com,Male,62
475,Sutton,Magill,smagilld6@so-net.ne.jp,Male,44
476,Gayle,Ceeley,gceeleyd7@arizona.edu,Male,53
477,Denis,Gollop,dgollopd8@macromedia.com,Male,64
478,Thorn,Whitwell,twhitwelld9@dailymotion.com,Male,30
479,Magdalen,Dunmore,mdunmoreda@washingtonpost.com,Genderqueer,14
480,Dulsea,Tineman,dtinemandb@hhs.gov,Female,40
481,Cortie,Castanares,ccastanaresdc@cargocollective.com,Genderqueer,13
482,Tanner,Allchin,tallchindd@harvard.edu,Bigender,56
483,Fraze,MacAlroy,fmacalroyde@123-reg.co.uk,Male,90
484,Bessie,Bath,bbathdf@soundcloud.com,Female,15
485,Phedra,Wheater,pwheaterdg@delicious.com,Genderqueer,54
486,Base,Sancroft,bsancroftdh@joomla.org,Male,36
487,Ennis,Silverson,esilversondi@wired.com,Non-binary,42
488,Nealson,Beynke,nbeynkedj@amazon.co.uk,Male,8
489,Rhianna,Harries,rharriesdk@squidoo.com,Female,2
490,Annnora,Philbin,aphilbindl@wisc.edu,Genderqueer,46
491,Morgun,Goom,mgoomdm@xing.com,Male,88
492,Kacey,Britten,kbrittendn@ox.ac.uk,Female,84
493,Denni,Comolli,dcomollido@nifty.com,Female,76
494,Flossie,Jealous,fjealousdp@desdev.cn,Female,48
495,Ian,Kleinholz,ikleinholzdq@vistaprint.com,Male,73
496,Sabine,Stiff,sstiffdr@dedecms.com,Female,79
497,Emory,Toffel,etoffelds@acquirethisname.com,Male,6
498,Xaviera,Nutbrown,xnutbrowndt@mlb.com,Female,63
499,Jeanelle,Cassel,jcasseldu@java.com,Female,61
500,Kayne,Derobert,kderobertdv@booking.com,Male,59
501,Bryan,Bunston,bbunstondw@lycos.com,Male,20
502,Neill,Learmount,nlearmountdx@usda.gov,Male,11
503,Hermy,Atte-Stone,hattestonedy@google.ru,Male,52
504,Wileen,Cancellor,wcancellordz@si.edu,Female,40
505,Darbie,Aloshikin,daloshikine0@mapquest.com,Female,87
506,Florance,Mossman,fmossmane1@marketwatch.com,Female,73
507,Elihu,Hanaford,ehanaforde2@desdev.cn,Male,89
508,Cory,Kitto,ckittoe3@stanford.edu,Female,47
509,Tabitha,Bigglestone,tbigglestonee4@youku.com,Female,12
510,Heddi,Dawber,hdawbere5@cnn.com,Female,10
511,Tobe,Feron,tferone6@arstechnica.com,Male,43
512,Candra,Scanterbury,cscanterburye7@csmonitor.com,Female,26
513,Ursola,Cran,ucrane8@twitpic.com,Female,28
514,Elton,Jeger,ejegere9@spotify.com,Male,5
515,Enos,Attwoull,eattwoullea@weibo.com,Male,20
516,Derrik,Lohrensen,dlohrenseneb@paypal.com,Male,7
517,Waylan,Kenneford,wkennefordec@cocolog-nifty.com,Male,9
518,Verney,McGeagh,vmcgeaghed@goo.ne.jp,Male,69
519,Nadiya,Verrill,nverrillee@stumbleupon.com,Female,45
520,Maudie,Rizzillo,mrizzilloef@google.de,Female,67
521,Ebenezer,McNea,emcneaeg@wordpress.org,Male,35
522,Morlee,Poston,mpostoneh@list-manage.com,Male,19
523,Georgiana,Stickins,gstickinsei@forbes.com,Female,49
524,Monah,Farndell,mfarndellej@foxnews.com,Female,5
525,Harris,Jacobowicz,hjacobowiczek@vimeo.com,Male,46
526,Lil,Rameau,lrameauel@nsw.gov.au,Female,52
527,Fayette,Duckerin,fduckerinem@nymag.com,Female,87
528,Jolie,Hellens,jhellensen@amazonaws.com,Female,5
529,Judie,Matovic,jmatoviceo@gov.uk,Female,31
530,Sheridan,Brookwell,sbrookwellep@sciencedirect.com,Male,39
531,Dill,McCosker,dmccoskereq@independent.co.uk,Male,10
532,Willow,Bearblock,wbearblocker@tripadvisor.com,Female,45
533,Marie,Landsborough,mlandsboroughes@google.com.au,Female,69
534,Karlotta,Yurin,kyurinet@arstechnica.com,Female,6
535,Flori,Cragg,fcraggeu@123-reg.co.uk,Female,58
536,Dollie,Conichie,dconichieev@utexas.edu,Female,37
537,Kaiser,Smallpiece,ksmallpieceew@skype.com,Male,46
538,Dimitry,Geffinger,dgeffingerex@privacy.gov.au,Male,75
539,Gwendolen,Shoosmith,gshoosmithey@studiopress.com,Female,14
540,Vivian,Exter,vexterez@pbs.org,Female,25
541,Harlin,Hargess,hhargessf0@blogs.com,Male,71
542,Kitti,Boydle,kboydlef1@blogtalkradio.com,Female,72
543,Torr,Riley,trileyf2@youtube.com,Male,84
544,Tybi,Haverty,thavertyf3@dmoz.org,Female,7
545,Robinson,Girtin,rgirtinf4@adobe.com,Male,37
546,Frannie,Jakubczyk,fjakubczykf5@washingtonpost.com,Female,29
547,Ringo,Balassi,rbalassif6@cafepress.com,Male,12
548,Eleonora,Markos,emarkosf7@jimdo.com,Female,70
549,Mehetabel,Grenville,mgrenvillef8@unesco.org,Female,13
550,Farrel,Porson,fporsonf9@theglobeandmail.com,Male,65
551,Meggie,Gresswell,mgresswellfa@java.com,Female,41
552,Margret,Hinckesman,mhinckesmanfb@uol.com.br,Female,70
553,Brnaba,Jessopp,bjessoppfc@businessweek.com,Male,34
554,Sidoney,Granleese,sgranleesefd@unesco.org,Female,45
555,Matt,Andrews,mandrewsfe@bravesites.com,Non-binary,64
556,Chrissie,Doone,cdooneff@example.com,Female,85
557,Lil,Berrisford,lberrisfordfg@berkeley.edu,Agender,38
558,Rozanna,Grafom,rgrafomfh@shareasale.com,Female,8
559,Gallard,Wooffitt,gwooffittfi@g.co,Bigender,80
560,Gabbi,Rubinsohn,grubinsohnfj@vinaora.com,Female,86
561,Georgy,MacGilmartin,gmacgilmartinfk@gmpg.org,Male,54
562,Caldwell,Vodden,cvoddenfl@indiegogo.com,Male,39
563,Rosalind,Beaudry,rbeaudryfm@scribd.com,Female,39
564,Astra,Parham,aparhamfn@amazon.co.uk,Female,9
565,Margot,Monnoyer,mmonnoyerfo@vistaprint.com,Female,17
566,Teodorico,Darbyshire,tdarbyshirefp@google.nl,Male,54
567,Bonita,Markie,bmarkiefq@digg.com,Female,50
568,Clemens,Kaminski,ckaminskifr@t-online.de,Male,5
569,Quintus,Carsberg,qcarsbergfs@webeden.co.uk,Male,66
570,Erin,Crudgington,ecrudgingtonft@elegantthemes.com,Female,34
571,Poppy,Filpi,pfilpifu@networkadvertising.org,Female,74
572,Caria,Hodgin,chodginfv@networkadvertising.org,Female,12
573,Teriann,Shorland,tshorlandfw@senate.gov,Female,58
574,Mallissa,Ledbury,mledburyfx@csmonitor.com,Female,29
575,Ethel,Jeeves,ejeevesfy@shinystat.com,Female,11
576,Lisetta,Pittford,lpittfordfz@macromedia.com,Female,10
577,Grenville,Djorvic,gdjorvicg0@ft.com,Male,37
578,Keene,Hardan,khardang1@ning.com,Male,19
579,Gladi,Ockwell,gockwellg2@free.fr,Female,23
580,Selia,McGeagh,smcgeaghg3@washingtonpost.com,Female,67
581,Sawyer,Zack,szackg4@opera.com,Male,23
582,Jayson,Stag,jstagg5@accuweather.com,Male,27
583,Sanson,Lurner,slurnerg6@domainmarket.com,Male,56
584,Mirna,Sumpton,msumptong7@simplemachines.org,Female,45
585,Loraine,Lorand,llorandg8@github.io,Female,41
586,Sandie,Lovejoy,slovejoyg9@chron.com,Female,13
587,Brice,de Courcey,bdecourceyga@bbc.co.uk,Male,43
588,Gerhard,Picardo,gpicardogb@umich.edu,Genderqueer,67
589,Gerik,Martignon,gmartignongc@cnet.com,Male,31
590,Claudius,Cersey,ccerseygd@blogger.com,Male,67
591,Carolina,Lucien,clucienge@yale.edu,Female,3
592,Matias,Rupel,mrupelgf@tiny.cc,Male,72
593,Pip,Poulsum,ppoulsumgg@cmu.edu,Male,73
594,Corty,Freckelton,cfreckeltongh@storify.com,Male,66
595,Margret,Gronou,mgronougi@accuweather.com,Polygender,24
596,Carr,Extill,cextillgj@nymag.com,Male,10
597,Felisha,Oury,fourygk@google.ca,Female,29
598,Britta,Raunds,braundsgl@house.gov,Female,75
599,Joellyn,Guidetti,jguidettigm@smugmug.com,Female,10
600,Reilly,Hedger,rhedgergn@latimes.com,Male,23
601,Gerty,Breinlein,gbreinleingo@dailymail.co.uk,Female,64
602,Iormina,Janssen,ijanssengp@about.me,Female,59
603,Gwen,Ruperto,grupertogq@businessinsider.com,Female,27
604,Doro,Venton,dventongr@slate.com,Female,62
605,Panchito,Symcoxe,psymcoxegs@moonfruit.com,Male,81
606,Matilda,Brodnecke,mbrodneckegt@epa.gov,Female,45
607,Jon,Flaonier,jflaoniergu@photobucket.com,Male,18
608,Terence,Wixey,twixeygv@taobao.com,Bigender,75
609,Savina,Lardnar,slardnargw@rediff.com,Female,6
610,Roddy,Cash,rcashgx@nyu.edu,Male,79
611,Amalia,Meritt,amerittgy@com.com,Female,62
612,Ulrich,Cocher,ucochergz@nsw.gov.au,Male,27
613,Courtney,Suggett,csuggetth0@state.gov,Male,80
614,Bree,Christal,bchristalh1@mapy.cz,Female,14
615,Daryle,Spellworth,dspellworthh2@timesonline.co.uk,Male,42
616,Joelly,Yakobowitz,jyakobowitzh3@smugmug.com,Agender,79
617,Rebbecca,Willmott,rwillmotth4@amazon.co.jp,Female,14
618,Mela,Windas,mwindash5@yelp.com,Female,78
619,Chadd,Beaver,cbeaverh6@mysql.com,Male,27
620,Blair,Loxton,bloxtonh7@livejournal.com,Female,72
621,Alexio,Thor,athorh8@imgur.com,Male,10
622,Shaine,Eliyahu,seliyahuh9@etsy.com,Male,12
623,Kriste,Aldersey,kalderseyha@mail.ru,Female,53
624,Junia,Henighan,jhenighanhb@cdbaby.com,Female,22
625,Amalie,MacAughtrie,amacaughtriehc@constantcontact.com,Female,6
626,Martguerita,Challinor,mchallinorhd@reference.com,Female,58
627,Xena,Tackett,xtacketthe@163.com,Female,69
628,Rey,Dow,rdowhf@reuters.com,Male,69
629,Caz,Bellson,cbellsonhg@woothemes.com,Male,19
630,Dave,Elgram,delgramhh@google.nl,Male,66
631,Ronni,Coll,rcollhi@senate.gov,Female,61
632,Corbet,Willstrop,cwillstrophj@bbc.co.uk,Male,44
633,Ichabod,Surmon,isurmonhk@uol.com.br,Male,82
634,Vivianna,McAteer,vmcateerhl@t.co,Female,40
635,Estell,Flatt,eflatthm@msn.com,Female,45
636,Caresa,De Mars,cdemarshn@cafepress.com,Female,76
637,Pearla,Toolin,ptoolinho@cbsnews.com,Female,42
638,Angie,Cooksey,acookseyhp@goodreads.com,Male,53
639,Cullan,Flude,cfludehq@chronoengine.com,Male,60
640,Osbourne,Songer,osongerhr@wix.com,Male,25
641,Tori,MacMenamin,tmacmenaminhs@timesonline.co.uk,Female,24
642,Vivyan,Canfield,vcanfieldht@whitehouse.gov,Female,4
643,Riva,Blees,rbleeshu@statcounter.com,Female,34
644,Jodi,Palphreyman,jpalphreymanhv@flavors.me,Male,1
645,Murielle,Morling,mmorlinghw@census.gov,Female,78
646,Delmar,Cust,dcusthx@digg.com,Male,47
647,Guinevere,Esseby,gessebyhy@forbes.com,Female,85
648,Tessi,Bordone,tbordonehz@wikimedia.org,Female,57
649,Ailyn,Grabiec,agrabieci0@uiuc.edu,Female,8
650,Daphne,Kermeen,dkermeeni1@japanpost.jp,Female,82
651,Valentine,Callf,vcallfi2@columbia.edu,Female,41
652,Georgiana,Kidby,gkidbyi3@merriam-webster.com,Female,64
653,Zachary,Rowlett,zrowletti4@ovh.net,Male,18
654,Cortie,Fricke,cfrickei5@wikispaces.com,Male,54
655,Cherye,Whysall,cwhysalli6@hc360.com,Female,13
656,Janella,Shakespeare,jshakespearei7@amazon.co.uk,Female,86
657,Port,Govett,pgovetti8@infoseek.co.jp,Male,20
658,Darsey,Macauley,dmacauleyi9@etsy.com,Female,36
659,Camey,Eayrs,ceayrsia@alibaba.com,Male,63
660,Laryssa,Tinto,ltintoib@economist.com,Female,31
661,Charlean,Ambrosini,cambrosiniic@ucoz.ru,Female,30
662,Lazar,Fontin,lfontinid@prnewswire.com,Male,50
663,Ingunna,De Gregoli,idegregoliie@macromedia.com,Female,31
664,Web,Epsly,wepslyif@ning.com,Male,3
665,Cornell,Friend,cfriendig@cnbc.com,Male,85
666,Vittoria,Flewan,vflewanih@lycos.com,Polygender,17
667,Wesley,Franzotto,wfranzottoii@imageshack.us,Male,78
668,Joshuah,Andreou,jandreouij@google.cn,Male,76
669,Akim,Marten,amartenik@cdc.gov,Male,60
670,Vivia,Dmitrievski,vdmitrievskiil@admin.ch,Female,63
671,Berton,Plinck,bplinckim@sina.com.cn,Male,70
672,Jenine,Brahams,jbrahamsin@pcworld.com,Female,65
673,Carlita,Papworth,cpapworthio@admin.ch,Female,83
674,Pedro,Stabler,pstablerip@columbia.edu,Male,88
675,Evangelina,Mabbett,emabbettiq@soup.io,Female,70
676,Lillian,Filip,lfilipir@about.me,Female,25
677,Town,Lowndsbrough,tlowndsbroughis@pinterest.com,Male,48
678,Wanids,Pane,wpaneit@meetup.com,Female,11
679,Tildi,Eagland,teaglandiu@bigcartel.com,Female,70
680,Sandro,Thow,sthowiv@cloudflare.com,Male,56
681,Sarge,Hurll,shurlliw@multiply.com,Male,70
682,Vinnie,Lyles,vlylesix@usda.gov,Male,77
683,Ignace,Goodbarne,igoodbarneiy@tmall.com,Non-binary,69
684,Jessie,Binyon,jbinyoniz@archive.org,Female,59
685,Zita,McKnish,zmcknishj0@netvibes.com,Agender,41
686,Manny,Fotheringham,mfotheringhamj1@sina.com.cn,Male,43
687,Carmine,Pocknell,cpocknellj2@parallels.com,Non-binary,29
688,Kalina,Breckwell,kbreckwellj3@china.com.cn,Female,14
689,Tuck,Giacobini,tgiacobinij4@dedecms.com,Male,4
690,Staford,Casiroli,scasirolij5@wikipedia.org,Male,81
691,Terrance,Brimelow,tbrimelowj6@skype.com,Male,73
692,Dorian,Agiolfinger,dagiolfingerj7@digg.com,Male,30
693,Sergent,Kniveton,sknivetonj8@free.fr,Male,12
694,Chic,Kensett,ckensettj9@washington.edu,Male,40
695,Arturo,Cozins,acozinsja@chicagotribune.com,Male,48
696,Brett,Knapman,bknapmanjb@skyrock.com,Male,51
697,Moses,Secker,mseckerjc@epa.gov,Male,64
698,Boony,By,bbyjd@histats.com,Male,45
699,Goddard,Thynne,gthynneje@twitter.com,Male,35
700,Bryce,De Few,bdefewjf@blinklist.com,Male,64
701,Sigfrid,Gounet,sgounetjg@fotki.com,Male,17
702,Renell,Colliver,rcolliverjh@wunderground.com,Non-binary,12
703,Nanine,Keaysell,nkeaysellji@woothemes.com,Female,39
704,Marillin,Pusill,mpusilljj@sphinn.com,Female,56
705,Sonnie,Slidders,ssliddersjk@oakley.com,Male,87
706,Ede,Folbigg,efolbiggjl@hp.com,Female,39
707,Kristopher,Douty,kdoutyjm@cisco.com,Male,16
708,Chalmers,Borman,cbormanjn@netscape.com,Male,48
709,Siana,Annon,sannonjo@theglobeandmail.com,Female,43
710,Minetta,Conley,mconleyjp@alibaba.com,Female,51
711,Conny,Symcox,csymcoxjq@mac.com,Male,66
712,Michaeline,Kolakovic,mkolakovicjr@tripadvisor.com,Female,69
713,Sharai,Gibbe,sgibbejs@technorati.com,Female,88
714,Fielding,Cawkill,fcawkilljt@dyndns.org,Male,52
715,Petunia,Shirtcliffe,pshirtcliffeju@xrea.com,Female,75
716,Lenna,Bing,lbingjv@jalbum.net,Female,16
717,Damien,Nisard,dnisardjw@msu.edu,Male,17
718,Micky,Veness,mvenessjx@sciencedaily.com,Female,16
719,Emmalyn,Balling,eballingjy@cbc.ca,Female,19
720,Miguelita,Frankel,mfrankeljz@indiatimes.com,Female,5
721,Malory,Kurten,mkurtenk0@google.pl,Genderfluid,40
722,Agata,Zupo,azupok1@usatoday.com,Female,66
723,Meghan,Sevior,mseviork2@woothemes.com,Female,2
724,Celestina,McGraffin,cmcgraffink3@geocities.jp,Genderfluid,39
725,Maje,Bertome,mbertomek4@blinklist.com,Male,75
726,Jarrid,Correa,jcorreak5@wikipedia.org,Male,72
727,Blithe,Gaudin,bgaudink6@go.com,Female,48
728,Sophia,Reichert,sreichertk7@comsenz.com,Female,81
729,Nelly,Sawter,nsawterk8@nba.com,Female,65
730,Bartel,Smalls,bsmallsk9@bravesites.com,Male,1
731,Dukie,Raysdale,draysdaleka@bandcamp.com,Male,85
732,Donica,Curteis,dcurteiskb@wufoo.com,Bigender,64
733,Conrado,Lamacraft,clamacraftkc@engadget.com,Male,66
734,Griselda,Vaughan,gvaughankd@yahoo.co.jp,Polygender,27
735,Borg,Ashmore,bashmoreke@vinaora.com,Male,10
736,Babara,Millmoe,bmillmoekf@woothemes.com,Female,4
737,Mallory,Rosborough,mrosboroughkg@unblog.fr,Female,39
738,Anderea,Peartree,apeartreekh@house.gov,Female,60
739,Liane,Eilers,leilerski@over-blog.com,Female,16
740,Sloan,Breeder,sbreederkj@dailymotion.com,Male,49
741,Kerrie,Eddicott,keddicottkk@prnewswire.com,Female,15
742,Thurstan,Barrabeale,tbarrabealekl@mozilla.org,Male,6
743,Simeon,Bentjens,sbentjenskm@artisteer.com,Genderqueer,41
744,Ezekiel,Marte,emartekn@foxnews.com,Genderqueer,44
745,Justus,Hawkswood,jhawkswoodko@stanford.edu,Male,28
746,Christophe,Tillyer,ctillyerkp@fotki.com,Male,61
747,Lucinda,Leebetter,lleebetterkq@mysql.com,Female,42
748,Reilly,Peffer,rpefferkr@mapquest.com,Male,22
749,Brion,Doylend,bdoylendks@msn.com,Male,80
750,Orazio,Scandrite,oscandritekt@bandcamp.com,Male,49
751,Yulma,Zettoi,yzettoiku@last.fm,Male,60
752,Lydon,Jeppensen,ljeppensenkv@auda.org.au,Male,74
753,Mariele,Persence,mpersencekw@berkeley.edu,Female,50
754,Melisent,Bonsale,mbonsalekx@nature.com,Genderfluid,22
755,Coletta,Scimonelli,cscimonelliky@qq.com,Female,80
756,Odella,Bracken,obrackenkz@miitbeian.gov.cn,Female,24
757,Sandor,Bampton,sbamptonl0@google.com.hk,Male,25
758,Wyndham,Petracci,wpetraccil1@army.mil,Male,12
759,Roseann,Berridge,rberridgel2@comsenz.com,Female,58
760,Florenza,Gurg,fgurgl3@thetimes.co.uk,Female,18
761,Alyce,Paudin,apaudinl4@ucla.edu,Female,82
762,Ahmed,Rippen,arippenl5@miibeian.gov.cn,Male,51
763,Iolande,Jelleman,ijellemanl6@wired.com,Female,11
764,Margo,Gilbank,mgilbankl7@wikia.com,Female,56
765,Aubrey,Bradburne,abradburnel8@weibo.com,Genderqueer,17
766,Lettie,D'Enrico,ldenricol9@barnesandnoble.com,Female,67
767,Peterus,Rivett,privettla@imgur.com,Genderqueer,57
768,Archibold,Krolak,akrolaklb@ameblo.jp,Non-binary,77
769,Vonni,Glowacki,vglowackilc@unesco.org,Female,57
770,Morgana,Fasse,mfasseld@sohu.com,Female,52
771,Inger,Clayfield,iclayfieldle@ezinearticles.com,Female,61
772,Daryl,Broadstock,dbroadstocklf@eventbrite.com,Male,90
773,Shayla,Howle,showlelg@narod.ru,Female,5
774,Filberte,Caseley,fcaseleylh@nhs.uk,Polygender,69
775,Grace,Mickleburgh,gmickleburghli@domainmarket.com,Female,58
776,Melodee,Falconer-Taylor,mfalconertaylorlj@google.ca,Female,26
777,Noelyn,Wison,nwisonlk@dmoz.org,Female,62
778,Keelia,Lettley,klettleyll@com.com,Female,39
779,Marilee,Cutchie,mcutchielm@globo.com,Female,58
780,Jessie,Hudleston,jhudlestonln@goo.ne.jp,Female,81
781,Kingston,Neller,knellerlo@oracle.com,Male,7
782,Mab,Patullo,mpatullolp@usatoday.com,Female,55
783,Letty,Krienke,lkrienkelq@admin.ch,Female,73
784,Torre,Huddart,thuddartlr@miibeian.gov.cn,Male,56
785,Melinda,Sunter,msunterls@yahoo.co.jp,Female,67
786,Vinnie,Climson,vclimsonlt@independent.co.uk,Female,31
787,Yettie,Wileman,ywilemanlu@twitpic.com,Female,25
788,Huberto,Adlam,hadlamlv@ask.com,Male,79
789,Ryon,Fyldes,rfyldeslw@slashdot.org,Male,32
790,Lucia,Boost,lboostlx@domainmarket.com,Female,40
791,Dunn,Huke,dhukely@woothemes.com,Male,64
792,Skipper,Hannaford,shannafordlz@icio.us,Male,16
793,Filia,Sibery,fsiberym0@nasa.gov,Female,50
794,Adoree,Benito,abenitom1@quantcast.com,Female,69
795,Tybi,Orth,torthm2@plala.or.jp,Female,80
796,Hillyer,Vigietti,hvigiettim3@friendfeed.com,Male,30
797,Jenica,Main,jmainm4@yellowbook.com,Female,70
798,Rodolph,Lambot,rlambotm5@nba.com,Male,19
799,Lawton,Pomfrett,lpomfrettm6@webeden.co.uk,Agender,84
800,Corrine,Bernardeau,cbernardeaum7@google.de,Genderqueer,68
801,Henryetta,Stothert,hstothertm8@china.com.cn,Female,13
802,Fancie,Armfield,farmfieldm9@prnewswire.com,Female,79
803,Eldin,Girkins,egirkinsma@google.ca,Male,1
804,Leif,McCreery,lmccreerymb@ebay.com,Male,12
805,Sean,Ismirnioglou,sismirniogloumc@flavors.me,Female,44
806,Myrlene,Lenahan,mlenahanmd@cpanel.net,Female,89
807,Milissent,Eallis,meallisme@wired.com,Female,63
808,Torey,Mirfield,tmirfieldmf@g.co,Bigender,17
809,Chelsie,Schuler,cschulermg@mozilla.org,Female,49
810,Rina,Sharphurst,rsharphurstmh@hostgator.com,Polygender,72
811,Annemarie,Sandever,asandevermi@boston.com,Female,60
812,Giacomo,Borrel,gborrelmj@vk.com,Male,44
813,Dylan,Mayler,dmaylermk@vk.com,Male,35
814,Kinnie,Ranby,kranbyml@epa.gov,Male,49
815,Petr,Routham,prouthammm@twitter.com,Male,13
816,Terrance,Venus,tvenusmn@typepad.com,Male,44
817,Eadie,Prozescky,eprozesckymo@jimdo.com,Female,9
818,Blair,Camerello,bcamerellomp@parallels.com,Female,82
819,Lavinie,Ivanishin,livanishinmq@jalbum.net,Agender,26
820,Earlie,Gheorghe,egheorghemr@gmpg.org,Male,21
821,Celka,Wrathmell,cwrathmellms@spotify.com,Female,36
822,Corliss,Cosser,ccossermt@twitpic.com,Female,50
823,Angelico,Marien,amarienmu@multiply.com,Male,49
824,Kendall,Cantrell,kcantrellmv@vistaprint.com,Male,41
825,Carena,Throssell,cthrossellmw@youku.com,Female,13
826,Frederico,Humbie,fhumbiemx@jimdo.com,Male,36
827,Moshe,Reach,mreachmy@mit.edu,Male,35
828,Dyann,Hehnke,dhehnkemz@w3.org,Female,88
829,Carter,Galbraeth,cgalbraethn0@over-blog.com,Male,34
830,Marcia,Tossell,mtosselln1@flickr.com,Female,42
831,Henryetta,Hollington,hhollingtonn2@instagram.com,Female,49
832,Ritchie,Sturm,rsturmn3@blinklist.com,Male,87
833,Matthieu,Franciotti,mfranciottin4@joomla.org,Male,8
834,Meredeth,Shortall,mshortalln5@dedecms.com,Male,56
835,Ertha,Trammel,etrammeln6@msu.edu,Female,46
836,Alden,Taberner,atabernern7@flavors.me,Male,64
837,Marleen,Mosten,mmostenn8@auda.org.au,Female,37
838,Ninnetta,Taffs,ntaffsn9@artisteer.com,Female,52
839,Dalia,Doldon,ddoldonna@sina.com.cn,Female,42
840,Zaccaria,Gregine,zgreginenb@sina.com.cn,Male,21
841,Mathilda,Stradling,mstradlingnc@google.com.au,Female,17
842,Lowe,Buckthorpe,lbuckthorpend@hao123.com,Male,42
843,Conan,Truitt,ctruittne@fastcompany.com,Male,43
844,Rancell,Yansons,ryansonsnf@nymag.com,Male,9
845,Alaster,Abbado,aabbadong@cdbaby.com,Male,72
846,Ezequiel,Kennet,ekennetnh@disqus.com,Male,29
847,Ame,Scola,ascolani@sitemeter.com,Polygender,52
848,Carroll,Whelband,cwhelbandnj@google.es,Female,45
849,Karyn,Orknay,korknaynk@plala.or.jp,Female,23
850,Winnah,Kyle,wkylenl@dagondesign.com,Female,63
851,Bay,Mariault,bmariaultnm@unicef.org,Male,88
852,Penny,Ibbotson,pibbotsonnn@people.com.cn,Female,9
853,Bernetta,Kynton,bkyntonno@eventbrite.com,Female,31
854,Britteny,Olyet,bolyetnp@amazon.co.jp,Female,12
855,Daphne,Teager,dteagernq@un.org,Female,44
856,Heidie,Gooderick,hgoodericknr@bloomberg.com,Female,6
857,Toiboid,Wakeman,twakemanns@google.com.br,Male,35
858,Kristoffer,Spalding,kspaldingnt@wikipedia.org,Male,68
859,Glynis,Corain,gcorainnu@loc.gov,Female,66
860,Godart,Dilworth,gdilworthnv@admin.ch,Male,59
861,Ivett,Fancet,ifancetnw@mediafire.com,Female,35
862,Bernie,Whistlecraft,bwhistlecraftnx@toplist.cz,Female,16
863,Isiahi,Edgington,iedgingtonny@163.com,Male,7
864,Carlynne,Figiovanni,cfigiovanninz@plala.or.jp,Female,71
865,Cornela,Van den Oord,cvandenoordo0@foxnews.com,Female,76
866,Prentiss,Gravestone,pgravestoneo1@google.com.au,Male,74
867,Glennis,Cadd,gcaddo2@cyberchimps.com,Female,35
868,Glynis,Jeanequin,gjeanequino3@yelp.com,Female,88
869,Sile,Flattman,sflattmano4@kickstarter.com,Female,38
870,Marven,Haresnape,mharesnapeo5@samsung.com,Male,28
871,Wallie,McIndrew,wmcindrewo6@angelfire.com,Male,27
872,Teador,Rosin,trosino7@weibo.com,Bigender,45
873,Ardine,Wight,awighto8@pen.io,Female,4
874,Viviyan,Lghan,vlghano9@phoca.cz,Female,90
875,Reynolds,Gethyn,rgethynoa@ibm.com,Male,20
876,Vincents,Sime,vsimeob@eventbrite.com,Male,86
877,Andi,Batterham,abatterhamoc@google.com,Genderqueer,40
878,Aubree,Westmoreland,awestmorelandod@stanford.edu,Female,39
879,Yancy,Minerdo,yminerdooe@t-online.de,Male,46
880,Jasmina,Frankis,jfrankisof@fastcompany.com,Female,62
881,Cori,Evans,cevansog@yellowbook.com,Male,86
882,Collie,Hannah,channahoh@comcast.net,Female,75
883,Ludwig,Dell 'Orto,ldellortooi@com.com,Male,60
884,Amie,O'Gavin,aogavinoj@toplist.cz,Non-binary,51
885,Adele,Grenkov,agrenkovok@chron.com,Genderfluid,77
886,Salvidor,Marran,smarranol@apple.com,Male,40
887,Nisse,Bowle,nbowleom@soundcloud.com,Female,87
888,Paul,Rogier,progieron@mysql.com,Male,90
889,Tilda,Willatt,twillattoo@sakura.ne.jp,Female,76
890,Aloysia,Slay,aslayop@google.co.jp,Female,60
891,Sancho,Roache,sroacheoq@imgur.com,Male,72
892,Jo,Vickors,jvickorsor@zdnet.com,Male,21
893,Peyter,Padbury,ppadburyos@comsenz.com,Male,9
894,Onofredo,Kearns,okearnsot@liveinternet.ru,Male,52
895,Elihu,Erskine Sandys,eerskinesandysou@huffingtonpost.com,Male,24
896,Patten,Mycroft,pmycroftov@cargocollective.com,Non-binary,85
897,Rhiamon,Learmonth,rlearmonthow@opera.com,Female,55
898,Andie,Brownlea,abrownleaox@eventbrite.com,Male,16
899,Annetta,Gavan,agavanoy@dmoz.org,Female,31
900,Jesus,Championnet,jchampionnetoz@1und1.de,Male,51
901,Ulysses,Casarili,ucasarilip0@dot.gov,Male,33
902,Edsel,Longmore,elongmorep1@cisco.com,Male,8
903,Nikolai,Parvin,nparvinp2@cdbaby.com,Male,26
904,Rutger,Pond-Jones,rpondjonesp3@a8.net,Male,27
905,Nanine,Mossbee,nmossbeep4@businessweek.com,Female,59
906,Raleigh,Kloska,rkloskap5@timesonline.co.uk,Male,8
907,Basil,Behling,bbehlingp6@yandex.ru,Male,65
908,Xerxes,Bankhurst,xbankhurstp7@comsenz.com,Male,13
909,Chrisse,Divisek,cdivisekp8@wordpress.org,Male,44
910,Tobin,Jentle,tjentlep9@loc.gov,Male,85
911,Guilbert,Tarbin,gtarbinpa@vistaprint.com,Male,27
912,Prue,Gooderidge,pgooderidgepb@4shared.com,Female,82
913,Carny,Dalgardno,cdalgardnopc@wp.com,Male,16
914,Dani,McCome,dmccomepd@meetup.com,Female,10
915,Alfy,Ray,araype@so-net.ne.jp,Male,13
916,Raleigh,Laughnan,rlaughnanpf@fastcompany.com,Male,67
917,Keefer,Dyson,kdysonpg@cam.ac.uk,Bigender,24
918,Cris,Cornils,ccornilsph@imageshack.us,Male,90
919,Fawnia,Lillford,flillfordpi@furl.net,Female,85
920,Robinson,Delap,rdelappj@a8.net,Male,49
921,Genny,Benediktovich,gbenediktovichpk@behance.net,Female,69
922,Oliviero,Huntress,ohuntresspl@altervista.org,Male,14
923,Virgil,Meineking,vmeinekingpm@biglobe.ne.jp,Male,77
924,Angelia,Wildin,awildinpn@scientificamerican.com,Female,35
925,Nikolaos,Audas,naudaspo@hubpages.com,Male,86
926,Juanita,Massey,jmasseypp@geocities.jp,Female,16
927,Celestia,Tipple,ctipplepq@craigslist.org,Agender,63
928,Peadar,Dukes,pdukespr@unc.edu,Male,8
929,Domini,Vanderson,dvandersonps@oakley.com,Female,7
930,Marie,Lazenby,mlazenbypt@wikipedia.org,Female,11
931,Larry,Torfin,ltorfinpu@berkeley.edu,Male,74
932,Juliet,Matzkaitis,jmatzkaitispv@craigslist.org,Female,19
933,Andree,Line,alinepw@wikimedia.org,Female,14
934,Berke,Pavic,bpavicpx@symantec.com,Genderqueer,18
935,Mathilda,Piggot,mpiggotpy@geocities.jp,Female,76
936,Netta,Cunnington,ncunningtonpz@about.me,Female,7
937,Damian,Marriage,dmarriageq0@cpanel.net,Male,41
938,Sheryl,Warbys,swarbysq1@goodreads.com,Female,34
939,Diandra,Rodway,drodwayq2@google.nl,Female,54
940,Guenna,Michin,gmichinq3@wp.com,Female,48
941,Gerianna,Chardin,gchardinq4@java.com,Female,24
942,Norine,Monkhouse,nmonkhouseq5@unicef.org,Female,84
943,Olag,Widocks,owidocksq6@mozilla.com,Male,74
944,Zackariah,Rottger,zrottgerq7@studiopress.com,Male,35
945,Brandi,Plampin,bplampinq8@qq.com,Female,57
946,Carter,Seadon,cseadonq9@wisc.edu,Male,11
947,Filippa,Gimber,fgimberqa@domainmarket.com,Female,17
948,Stern,Shobrook,sshobrookqb@artisteer.com,Male,79
949,Sophia,Roswarn,sroswarnqc@craigslist.org,Female,27
950,Ossie,Condie,ocondieqd@ted.com,Male,84
951,Iver,Neill,ineillqe@nba.com,Male,34
952,Thaddeus,Caudray,tcaudrayqf@sohu.com,Male,29
953,Katie,Hearnes,khearnesqg@aboutads.info,Female,15
954,Elwyn,MacCleod,emaccleodqh@dmoz.org,Male,37
955,Orion,Grob,ogrobqi@flickr.com,Genderfluid,26
956,Pierrette,Greatbach,pgreatbachqj@wiley.com,Female,7
957,Marta,Feaveryear,mfeaveryearqk@apache.org,Female,7
958,Giacinta,Peery,gpeeryql@booking.com,Female,74
959,Fee,Pieracci,fpieracciqm@cam.ac.uk,Male,32
960,Travers,Missington,tmissingtonqn@statcounter.com,Male,2
961,Kipp,Baltzar,kbaltzarqo@dion.ne.jp,Agender,18
962,Alphonse,Chiese,achieseqp@cocolog-nifty.com,Male,60
963,Terri,Ekless,teklessqq@theglobeandmail.com,Male,80
964,Sidney,Starford,sstarfordqr@addthis.com,Male,16
965,Yasmeen,Fagg,yfaggqs@economist.com,Female,61
966,Novelia,Redholes,nredholesqt@dot.gov,Female,53
967,Jorry,Bowskill,jbowskillqu@va.gov,Female,47
968,Tilly,Wyre,twyreqv@webeden.co.uk,Female,42
969,Jada,Gaunter,jgaunterqw@cloudflare.com,Agender,18
970,Alexio,Crolly,acrollyqx@tiny.cc,Male,49
971,Aline,Morison,amorisonqy@google.ca,Female,29
972,Tuck,Reicharz,treicharzqz@unesco.org,Male,80
973,Sam,Binton,sbintonr0@purevolume.com,Female,30
974,Ber,Aizikowitz,baizikowitzr1@geocities.jp,Male,24
975,Shanan,Knyvett,sknyvettr2@google.cn,Male,9
976,Granger,Midner,gmidnerr3@nbcnews.com,Male,27
977,Guntar,Thackray,gthackrayr4@barnesandnoble.com,Male,53
978,Tessie,Vinnicombe,tvinnicomber5@linkedin.com,Female,37
979,Tandi,Antal,tantalr6@youtu.be,Female,63
980,Karalynn,Motton,kmottonr7@sakura.ne.jp,Female,36
981,Debora,Wooldridge,dwooldridger8@ihg.com,Female,16
982,Shoshana,Gowry,sgowryr9@alibaba.com,Female,14
983,Vincenz,Plaid,vplaidra@phoca.cz,Male,84
984,Raina,Francis,rfrancisrb@ucsd.edu,Female,88
985,Hubey,Blacksland,hblackslandrc@amazon.de,Male,39
986,Jarred,Wanstall,jwanstallrd@taobao.com,Male,6
987,Maryellen,Stockport,mstockportre@ox.ac.uk,Female,35
988,Rosy,Joist,rjoistrf@tmall.com,Female,67
989,Minerva,Colleford,mcollefordrg@seesaa.net,Female,56
990,Saundra,Benardette,sbenardetterh@youtu.be,Female,17
991,Ronald,Stowte,rstowteri@ovh.net,Male,88
992,Giffie,Elph,gelphrj@fc2.com,Male,69
993,Eustacia,Edwicker,eedwickerrk@hugedomains.com,Female,5
994,Ara,Decker,adeckerrl@google.es,Male,2
995,Anson,MacAvddy,amacavddyrm@t.co,Male,65
996,May,Maffioletti,mmaffiolettirn@irs.gov,Female,83
997,Birgitta,Jahnisch,bjahnischro@shareasale.com,Female,27
998,Sylas,MacGillacolm,smacgillacolmrp@so-net.ne.jp,Male,77
999,Sigrid,Mortimer,smortimerrq@1688.com,Female,84
1000,Michelle,Ibbotson,mibbotsonrr@godaddy.com,Genderqueer,33
